TF001,215bd6d6-9a6a-47b0-83bb-ff0ef525465e
TF002,e1ddb4cb-748a-4ca5-88af-6ba65393abf1
TF003,4ee6cff7-e65a-4ee3-9952-161d3d7849de
TF004,9d2d0108-8886-436f-b96b-2a0015eab5b6
TF005,cd56df65-cfbb-4091-8f01-63a043a637cf
TF006,eb5de5c6-1e5c-4d4c-99de-723c94091275
TF007,59b9fc0d-c4cb-45c7-a30a-b69d692eedc6
TF008,89723cde-94c7-4cf4-8c09-b0155fa87265
TF009,1919a348-a850-4566-a4dc-5a42ef2a7350
TF010,f4ad2272-35c2-44bc-b01e-c1c360106556
TF011,58d0a952-cc5c-4adc-b4a0-c3c9c64ce22e
TF012,04e4c408-a571-4acd-9422-a3afd25b1b1f
TF013,19842a2b-5ea5-45cb-bc38-16c435026bb9
TF014,587fb0b5-e64a-481c-a59a-5b26751493ea
TF015,8e43fdd5-a90a-460e-9324-0d0ab9db4afd
TF016,aceeb38f-9f3a-4645-8233-a92c0c216d41
TF017,f4892d4f-6b18-47ab-95bd-a742c4726fbd
TF018,be07a332-bdca-404d-b56f-8d13fc2fe638
TF019,1e0ff158-7937-4885-8649-b8b2db4311cf
TF020,bc72745d-7f26-477f-bb96-52086d56a5bf
TF021,8bfc8add-bd3b-4785-8845-28ee04726f95
TF022,4779ae36-a1fa-42b7-8141-00165f071793
TF023,6dc209e0-dad2-4eb6-9daf-0fe10e63790d
TF024,4ec98887-e7a0-4304-b606-49b07c342c0e
TF025,b33569c5-86d1-416b-9f8d-896805be1905
TF026,580f0647-53b0-41b3-a56c-f52178e54353
TF027,0ff5eccb-931f-48bb-bacf-50a33521444f
TF028,31856588-5fd1-44d1-8910-52c517ed8518
TF029,4d112376-5879-4450-b8d9-bd7803fe4354
TF030,7352178e-f37f-4f26-8476-659df6d0f099
TF031,3e605441-f6ca-4acf-a869-67eb6363081e
TF032,945595b3-57c5-40bf-8b9f-bcb6daed9a45
TF033,1df26146-d787-4c58-bac7-47eacc997aab
TF034,72aba970-c932-4483-bad1-26754a94efe8
TF035,ca6e59b9-8cfb-4757-b799-cc3f534d77eb
TF036,36c3ef54-c729-4cd1-a014-04cd7f4bbfba
TF037,f49113f3-f3e5-478f-901f-dc2be42ca948
TF038,36535202-5ce1-4b50-a857-85aea23e356a
TF039,3500b55c-1a43-4d21-a04d-217fed9bf2e4
TF040,f3c9280d-1246-4174-b0bf-b373ff5a16a0
TF041,e8a7f0a4-2722-4b9e-9cfc-d1bf6dda2346
TF042,ce0b74c2-0e0f-4005-a778-0428a084e0c5
TF043,e8337900-007e-4946-84fb-4a9fb5220b36
TF044,ea4f7956-3cb8-41be-81f3-f6f1d6b0c058
TF045,d2844f72-e0f7-49ce-bb4a-cb51272ae019
TF046,9fb2c3b4-5f3b-4ddb-9e1a-0fc8b5d4fffd
TF047,67277a11-7bc5-48cf-b177-f92e8a6fa52b
TF048,f67270b9-abfb-4e63-8efc-963238144625
TF049,ee906d3c-2b1b-4b32-add4-83d25ec68541
TF050,3be7037f-4e17-47a0-8372-2b52df6c1395